Farmer ID,Farmer Name,Location,GPS Coordinates,Date of Registration,Farming Method,Irrigation Method,Training Received,Mango Trees (0–3 yrs),Mango Trees (3–5 yrs),Mango Trees (5+ yrs),Hass Trees (0–3 yrs),Hass Trees (3–5 yrs),Hass Trees (5+ yrs),Fuerte Trees (0–3 yrs),Fuerte Trees (3–5 yrs),Fuerte Trees (5+ yrs),Pixie Trees (0–3 yrs),Pixie Trees (3–5 yrs),Pixie Trees (5+ yrs),Mango Season 1,Mango Season 2,Mango Season 3,Hass Season 1,Hass Season 2,Hass Season 3,Fuerte Season 1,Fuerte Season 2,Fuerte Season 3,Pixie Season 1,Pixie Season 2,Pixie Season 3,Total Trees
F001,Mrs. Megan Hill DDS,Tana River Ward 6,"3.635269, 41.253589",2020-06-03,Conventional,Rain-fed,No,0,2,76,1,12,0,34,1,33,8,16,0,1548,1696,3678,60,120,156,1263,1494,1493,160,96,80,183
F002,Emma Hawkins,Tana River Ward 1,"-2.371263, 35.211513",2021-08-15,Conventional,Irrigated,No,40,19,41,0,3,17,16,0,0,0,0,0,1817,1997,2164,868,599,467,0,0,0,0,0,0,136
F003,David Williams,Tana River Ward 9,"3.256461, 35.708732",2021-09-19,Conventional,Irrigated,Yes,14,54,41,17,2,9,0,3,15,0,4,0,1647,1852,1550,426,365,351,726,540,375,36,56,40,159
F004,Christopher Bates,Tana River Ward 11,"-1.995042, 40.097207",2022-06-14,Conventional,Rain-fed,No,24,12,3,4,0,15,5,3,14,0,0,0,240,216,264,750,360,450,631,585,333,0,0,0,80
F005,Alexander Smith,Tana River Ward 7,"3.211507, 38.618684",2025-12-21,Organic,Rain-fed,No,8,0,49,53,0,54,32,3,37,0,0,0,1470,1813,1274,1998,1134,2160,1174,1328,1464,0,0,0,236
F006,James Mclean,Tana River Ward 8,"-0.322454, 35.00141",2020-10-25,Organic,Irrigated,No,25,20,67,0,42,26,0,15,41,0,0,0,3322,2049,1574,1170,1016,1564,2092,1298,1894,0,0,0,236
F007,Jeffrey Meyers,Tana River Ward 7,"3.344621, 40.583951",2020-10-03,Conventional,Rain-fed,Yes,16,24,1,0,9,0,5,20,20,0,0,0,260,141,337,72,45,117,740,1080,1080,0,0,0,95
F008,Christine Sparks,Tana River Ward 2,"2.316633, 40.958164",2025-02-13,Conventional,Rain-fed,No,30,33,49,23,12,8,0,31,0,0,0,0,2093,1963,1227,488,360,336,372,279,403,0,0,0,186
F009,Chelsea Johnson,Tana River Ward 10,"0.625304, 40.414411",2022-07-20,Organic,Rain-fed,No,0,18,17,4,2,10,2,15,0,2,1,0,893,911,583,414,466,292,165,135,75,12,8,12,71
F010,Craig Mckee,Tana River Ward 3,"3.061473, 37.12787",2024-03-12,Organic,Rain-fed,No,1,36,1,11,16,8,17,6,0,0,10,0,581,589,586,328,496,624,84,42,90,60,90,120,106
F011,Ryan Martinez,Tana River Ward 6,"2.511295, 34.867818",2020-04-30,Conventional,Rain-fed,No,4,8,6,10,5,11,7,0,4,0,0,0,280,332,336,587,377,410,164,172,88,0,0,0,55
F012,Sharon Roberts,Tana River Ward 9,"2.897887, 34.718516",2025-06-25,Organic,Irrigated,No,5,7,33,53,0,0,20,50,50,0,0,0,1619,1006,1586,0,0,0,2050,2300,2650,0,0,0,218
F013,Deborah Daniels,Tana River Ward 2,"2.938484, 36.937527",2024-05-28,Conventional,Irrigated,Yes,0,48,75,0,0,53,28,35,0,0,0,0,1938,2409,3759,1060,1378,1749,525,315,385,0,0,0,239
F014,David Mckee,Tana River Ward 6,"1.142445, 35.764451",2021-10-24,Organic,Irrigated,Yes,6,20,76,25,0,0,15,33,38,0,0,0,2020,2304,2788,0,0,0,1827,2159,1711,0,0,0,213
F015,John Coleman,Tana River Ward 11,"1.179781, 34.459073",2020-10-17,Organic,Irrigated,Yes,11,13,23,0,0,0,6,12,0,0,0,0,685,1083,791,0,0,0,96,96,168,0,0,0,65
F016,Jennifer Davis,Tana River Ward 11,"2.541023, 39.509343",2021-09-27,Conventional,Irrigated,Yes,33,0,76,0,0,20,36,8,6,0,0,0,2736,1672,2356,960,640,860,238,420,216,0,0,0,179
F017,Matthew Johnson,Tana River Ward 1,"0.262444, 36.030148",2023-10-12,Organic,Irrigated,Yes,0,12,47,33,11,16,0,0,11,0,0,9,2082,1564,1519,531,911,627,308,484,286,405,234,261,139
F018,Linda Mclean,Tana River Ward 2,"-2.050318, 40.325436",2023-11-27,Organic,Rain-fed,Yes,13,0,0,6,0,8,19,0,14,7,2,2,0,0,0,288,280,328,420,378,658,130,58,104,71
F019,Sean Andrews,Tana River Ward 1,"-2.585953, 40.53855",2020-12-08,Conventional,Rain-fed,Yes,56,0,38,12,0,20,18,14,26,0,0,0,1900,1406,874,1000,900,460,1130,1416,1230,0,0,0,184
F020,Alexandria Scott,Tana River Ward 11,"0.31379, 40.321896",2022-09-21,Conventional,Irrigated,Yes,2,41,0,6,2,6,6,13,6,0,11,1,410,246,492,204,246,214,251,457,281,174,153,146,94
F021,Mary Porter,Tana River Ward 12,"0.450548, 39.481768",2021-06-30,Organic,Irrigated,Yes,0,29,46,0,13,2,13,0,9,0,0,0,1721,1423,2384,160,244,141,378,423,288,0,0,0,112
F022,Daniel Foster,Tana River Ward 10,"-1.617367, 34.928902",2025-10-30,Conventional,Rain-fed,Yes,31,20,32,16,10,0,0,0,4,0,5,9,1828,772,1444,120,140,110,196,168,108,403,394,290,127
F023,Ryan Ryan II,Tana River Ward 7,"-4.204375, 38.166316",2023-01-28,Conventional,Rain-fed,Yes,37,60,0,0,1,17,22,29,1,0,0,0,420,840,600,676,551,608,416,375,202,0,0,0,167
F024,Michael Miles,Tana River Ward 12,"-2.050894, 36.777509",2020-03-22,Conventional,Rain-fed,Yes,15,10,10,51,23,9,11,27,5,28,9,0,570,300,430,493,565,663,394,380,368,117,54,99,198
F025,Shawn Dunn,Tana River Ward 5,"-3.413382, 37.945604",2025-04-02,Conventional,Irrigated,No,0,19,6,12,0,0,0,5,0,0,7,5,445,369,322,0,0,0,70,75,65,302,282,315,54
F026,Christopher Johnson,Tana River Ward 11,"-2.902677, 36.047082",2025-06-15,Conventional,Irrigated,No,14,62,0,7,9,11,0,32,26,0,0,7,558,744,372,484,476,528,1290,1308,1442,259,189,294,168
F027,Lindsey Cooper,Tana River Ward 7,"-1.288746, 39.652958",2021-03-08,Organic,Rain-fed,No,14,2,2,0,29,31,0,31,31,0,0,0,78,104,110,1057,1586,1131,1705,1705,1333,0,0,0,140
F028,Jason Conway,Tana River Ward 5,"2.150012, 34.330536",2025-10-28,Conventional,Rain-fed,No,33,75,21,0,0,35,20,26,0,0,0,0,1878,1965,1878,1260,1645,1190,364,312,286,0,0,0,210
F029,Connor Howard,Tana River Ward 10,"0.8377, 35.714657",2022-10-30,Organic,Irrigated,Yes,9,8,12,0,3,0,8,15,16,0,0,0,572,532,564,33,42,36,741,485,932,0,0,0,71
F030,Christopher Mendoza,Tana River Ward 12,"-0.102731, 41.761042",2021-07-09,Organic,Irrigated,Yes,13,0,66,34,0,21,2,9,37,2,15,0,2904,2442,1650,546,966,651,1349,1893,1025,135,105,225,199
F031,John White,Tana River Ward 5,"-1.14034, 35.213377",2024-05-24,Organic,Irrigated,No,0,13,17,4,8,15,11,0,0,0,0,2,937,509,840,712,525,705,0,0,0,76,68,56,70
F032,Caleb Flynn,Tana River Ward 1,"-3.835936, 37.290591",2022-09-29,Conventional,Irrigated,Yes,16,4,31,10,6,3,19,0,6,0,0,0,1280,1083,757,141,126,141,126,222,240,0,0,0,95
F033,Deanna Bartlett,Tana River Ward 4,"-0.091363, 41.409002",2022-05-18,Organic,Irrigated,No,0,34,0,0,0,23,2,21,28,0,0,0,238,476,408,805,736,736,1421,1470,1393,0,0,0,108
F034,Sean Baker,Tana River Ward 6,"3.806764, 39.132625",2023-06-20,Organic,Rain-fed,No,43,19,51,11,16,14,0,18,0,0,0,0,1988,2683,2778,594,580,616,216,126,252,0,0,0,172
F035,Duane Miller,Tana River Ward 8,"1.273233, 34.1297",2020-12-25,Conventional,Rain-fed,No,0,0,86,0,23,1,40,29,33,0,0,0,3698,3612,3784,332,345,372,1688,921,1305,0,0,0,212
F036,Kevin Boyer,Tana River Ward 3,"-2.342413, 37.945683",2022-07-26,Organic,Rain-fed,No,40,28,14,0,2,8,20,18,0,6,0,0,812,994,910,342,398,292,144,108,198,0,0,0,136
F037,Scott Mendoza,Tana River Ward 6,"-2.940169, 37.444807",2021-12-31,Organic,Rain-fed,No,45,36,0,0,3,3,15,0,0,8,0,2,360,396,504,153,156,144,0,0,0,52,40,42,112
F038,Michael Farmer,Tana River Ward 11,"-3.074862, 39.487317",2020-02-26,Conventional,Irrigated,No,52,32,28,0,0,0,0,9,20,0,0,0,1364,904,1508,0,0,0,828,935,1059,0,0,0,141
F039,Elizabeth Hinton,Tana River Ward 2,"-0.377266, 35.780877",2024-03-16,Organic,Irrigated,No,0,28,10,7,4,0,2,12,11,2,2,11,738,742,504,32,52,44,403,648,468,533,365,255,89
F040,Donald Jimenez,Tana River Ward 1,"0.320664, 41.660144",2021-12-20,Conventional,Rain-fed,No,0,29,30,25,12,7,0,0,3,0,0,0,1367,1580,1044,378,369,368,66,129,150,0,0,0,106
F041,Robin Hamilton,Tana River Ward 3,"-0.39723, 39.258284",2020-04-23,Organic,Irrigated,No,85,81,76,0,4,4,0,0,0,0,0,0,3931,3723,2614,204,164,140,0,0,0,0,0,0,250
F042,Dale Rubio,Tana River Ward 5,"-3.466104, 38.004968",2023-11-05,Conventional,Rain-fed,No,21,33,0,17,13,6,0,0,16,11,0,14,231,198,198,495,326,408,624,416,464,490,588,350,131
F043,Andrew Phillips,Tana River Ward 7,"-0.087868, 34.615371",2025-09-15,Organic,Rain-fed,Yes,21,13,42,0,44,13,29,19,9,0,0,0,1584,957,1758,875,921,1284,588,586,491,0,0,0,190
F044,Kevin Martinez,Tana River Ward 10,"4.196659, 40.408985",2025-12-11,Organic,Irrigated,No,3,3,12,0,3,6,13,7,8,0,0,0,348,486,627,264,213,309,275,300,336,0,0,0,55
F045,Mary Johnston,Tana River Ward 3,"1.832517, 40.882729",2021-11-27,Conventional,Rain-fed,Yes,14,47,80,28,18,19,0,12,14,0,0,0,3209,3435,3397,1126,935,1016,602,480,522,0,0,0,232
F046,Joshua Smith,Tana River Ward 7,"-0.334292, 38.390298",2021-05-06,Conventional,Rain-fed,No,22,9,11,9,0,5,15,0,0,0,0,0,581,557,330,190,200,125,0,0,0,0,0,0,71
F047,Sarah Brewer,Tana River Ward 7,"2.811272, 38.035994",2021-01-08,Organic,Rain-fed,No,23,30,0,2,0,0,0,4,17,10,7,0,210,180,240,0,0,0,872,623,694,77,70,98,93
F048,Julia Jenkins,Tana River Ward 9,"1.163355, 36.486332",2024-05-09,Organic,Rain-fed,Yes,22,29,42,13,3,27,0,14,14,43,3,3,2232,2477,2031,768,1374,612,462,756,798,153,129,171,213
F049,Lorraine Kelly,Tana River Ward 10,"2.678932, 40.410976",2020-09-18,Conventional,Rain-fed,Yes,0,43,35,21,0,17,7,16,0,0,0,0,1663,1771,1722,782,663,799,128,80,128,0,0,0,139
F050,Jessica Hoffman,Tana River Ward 12,"1.498602, 39.581906",2023-07-24,Conventional,Rain-fed,No,0,13,3,0,9,0,7,0,3,7,8,6,163,240,173,81,45,54,93,132,93,292,238,298,56
F051,Rachael Flores,Tana River Ward 9,"-1.931161, 40.39461",2024-05-31,Conventional,Irrigated,Yes,46,6,15,34,39,0,35,10,18,0,0,0,408,471,477,234,234,429,496,758,698,0,0,0,203
F052,Michelle Lopez,Tana River Ward 4,"-3.42323, 41.024148",2020-03-11,Organic,Irrigated,Yes,5,23,18,13,0,5,0,0,2,0,0,0,585,968,670,225,165,170,42,92,82,0,0,0,66
F053,Jerry Thompson,Tana River Ward 12,"3.41906, 39.531328",2021-09-20,Organic,Rain-fed,Yes,39,9,25,11,11,0,0,18,0,7,0,0,581,1024,976,55,88,154,126,108,216,0,0,0,120
F054,Gary Marshall,Tana River Ward 4,"3.734358, 39.483162",2023-02-17,Conventional,Rain-fed,Yes,0,0,45,48,44,0,13,12,18,0,0,0,1845,1935,1305,484,572,220,858,876,978,0,0,0,180
F055,Seth Robinson,Tana River Ward 2,"4.070554, 40.671699",2020-11-09,Conventional,Irrigated,No,32,44,29,0,27,14,0,0,0,0,0,0,1409,2008,1208,605,470,513,0,0,0,0,0,0,146
F056,Andrew Hicks,Tana River Ward 10,"4.040464, 35.944233",2025-11-26,Conventional,Rain-fed,Yes,6,15,2,36,27,42,0,5,1,0,0,0,203,227,188,1413,2094,1521,75,84,111,0,0,0,134
F057,Shane Keller,Tana River Ward 1,"3.012369, 35.739334",2021-08-13,Organic,Rain-fed,Yes,49,37,0,24,0,10,0,0,27,0,0,0,185,555,333,370,330,420,1134,1080,1296,0,0,0,147
F058,Tricia Bryant,Tana River Ward 12,"0.297968, 37.552507",2021-03-02,Conventional,Rain-fed,Yes,51,38,17,31,6,4,27,0,28,0,0,0,623,793,674,182,136,172,1008,1008,1204,0,0,0,202
F059,Laura Nguyen,Tana River Ward 6,"-3.94293, 36.95738",2024-05-14,Conventional,Rain-fed,Yes,2,69,68,4,10,0,0,43,25,0,0,0,2326,3272,4159,60,120,70,1158,1440,1594,0,0,0,221
F060,Shannon Espinoza,Tana River Ward 4,"-3.636317, 37.88768",2025-04-29,Organic,Irrigated,Yes,0,16,15,14,2,10,3,14,3,0,0,0,794,599,749,372,320,366,195,236,276,0,0,0,77
F061,Larry Guerrero,Tana River Ward 9,"-1.476711, 35.966877",2020-08-24,Organic,Irrigated,No,0,11,46,0,0,14,10,27,6,0,0,10,1330,2432,1304,364,672,644,489,591,438,300,240,210,124
F062,Todd Sherman,Tana River Ward 8,"-3.612276, 34.893365",2025-07-03,Conventional,Irrigated,No,19,54,0,25,14,38,25,15,26,0,0,0,540,756,702,1242,1484,1774,692,1146,919,0,0,0,216
F063,Ryan Freeman,Tana River Ward 7,"-1.486647, 37.332797",2024-01-04,Conventional,Irrigated,No,49,19,52,11,0,0,11,0,12,0,0,0,1679,2175,1868,0,0,0,288,288,492,0,0,0,154
F064,James Elliott,Tana River Ward 9,"-2.937029, 36.612025",2025-12-14,Conventional,Rain-fed,No,3,10,10,4,11,8,10,7,9,0,0,0,590,560,370,277,417,318,456,378,409,0,0,0,72
F065,James Reed,Tana River Ward 1,"-1.734562, 35.128448",2022-05-16,Conventional,Irrigated,No,0,0,2,10,13,3,9,0,2,10,3,5,58,84,52,138,293,333,50,44,78,247,175,205,57
F066,Michael Santana,Tana River Ward 7,"1.541791, 34.612926",2021-01-15,Organic,Irrigated,Yes,22,8,10,0,1,0,0,10,8,0,0,0,562,514,356,14,14,10,348,364,488,0,0,0,59
F067,Tiffany Malone,Tana River Ward 8,"3.691352, 39.106554",2020-03-21,Organic,Rain-fed,Yes,0,45,51,0,0,0,36,11,0,0,7,10,2094,2886,2064,0,0,0,132,66,121,555,256,475,160
F068,Kimberly Becker,Tana River Ward 9,"-4.227601, 39.962071",2022-05-23,Conventional,Irrigated,No,23,21,17,13,32,10,20,35,34,0,0,0,920,653,708,664,600,680,1845,1371,1269,0,0,0,205
F069,Charles Dennis,Tana River Ward 2,"-0.126897, 34.647571",2021-04-09,Conventional,Rain-fed,Yes,0,25,4,5,26,10,42,48,11,0,0,0,315,265,373,668,470,602,629,846,877,0,0,0,171
F070,Melissa Pearson,Tana River Ward 12,"-3.751744, 41.756597",2022-07-03,Organic,Irrigated,Yes,55,26,0,41,15,28,17,1,6,0,0,0,156,338,364,1083,725,1171,298,240,237,0,0,0,189
F071,Justin Young,Tana River Ward 1,"-4.105828, 36.63995",2020-03-14,Organic,Rain-fed,Yes,41,4,62,14,0,16,7,2,23,0,17,2,2512,1756,1450,752,720,656,493,1082,967,261,265,135,188
F072,Stephanie Lopez,Tana River Ward 8,"-1.556921, 41.558095",2020-12-11,Conventional,Irrigated,No,0,12,40,0,36,0,7,23,5,17,17,0,2020,2100,2120,504,324,432,280,265,225,221,238,221,157
F073,Christine Smith,Tana River Ward 2,"-4.16326, 34.033991",2025-06-07,Organic,Rain-fed,Yes,12,21,9,0,35,7,22,20,0,0,0,0,504,660,630,518,350,399,120,280,280,0,0,0,126
F074,Matthew Duncan MD,Tana River Ward 1,"3.972923, 39.569627",2025-09-14,Organic,Irrigated,Yes,38,32,82,0,34,27,0,0,28,0,0,0,2570,2406,3236,1421,1433,1292,588,1120,1008,0,0,0,241
F075,Mark Rocha,Tana River Ward 8,"-2.746321, 40.969612",2023-08-22,Organic,Rain-fed,Yes,0,0,18,27,31,20,9,16,7,0,0,0,774,666,558,1095,808,1045,381,385,492,0,0,0,128
F076,Kevin Jones,Tana River Ward 3,"2.544095, 40.105703",2024-08-08,Conventional,Rain-fed,No,36,23,8,0,0,35,0,18,0,0,17,0,484,490,606,1120,700,875,270,252,180,136,102,187,137
F077,Jordan Riley,Tana River Ward 2,"0.362592, 36.398231",2022-04-29,Conventional,Rain-fed,Yes,49,34,5,0,32,29,0,2,0,0,0,0,671,492,476,1587,1619,1277,16,26,12,0,0,0,151
F078,Daniel Gomez,Tana River Ward 11,"-3.928895, 38.477785",2021-09-08,Organic,Irrigated,No,21,6,0,18,27,0,27,0,28,0,0,0,54,66,60,351,243,270,1316,560,1148,0,0,0,127
F079,Lauren Williams,Tana River Ward 1,"4.284446, 39.606822",2024-01-18,Organic,Rain-fed,Yes,4,25,2,20,0,3,0,16,0,0,0,0,345,436,305,72,93,84,144,224,96,0,0,0,70
F080,Randy Brown,Tana River Ward 11,"-3.900468, 36.354164",2023-09-23,Organic,Irrigated,No,39,38,35,27,12,9,42,14,0,16,2,1,1783,1774,1345,393,381,405,70,154,140,50,51,48,235
F081,Laura Huber,Tana River Ward 9,"-4.466644, 35.699843",2020-04-08,Organic,Irrigated,No,22,43,7,9,8,21,10,25,2,8,0,0,712,651,716,663,542,778,407,315,261,0,0,0,155
F082,Ashley Bauer,Tana River Ward 12,"2.200477, 37.457131",2025-01-06,Conventional,Rain-fed,Yes,41,1,23,15,11,22,5,0,0,0,0,0,1026,954,787,902,803,869,0,0,0,0,0,0,118
F083,Gregory Baxter,Tana River Ward 8,"0.394445, 40.316085",2024-01-11,Conventional,Irrigated,No,57,0,50,0,25,38,9,21,35,0,0,0,2300,2050,2300,1607,1632,1414,1876,882,1512,0,0,0,235
F084,Holly Wallace,Tana River Ward 4,"4.418874, 38.161263",2020-11-10,Organic,Rain-fed,Yes,7,15,12,12,9,0,0,0,7,0,0,0,450,645,330,135,63,90,308,273,252,0,0,0,62
F085,Victoria Olson,Tana River Ward 2,"1.501913, 35.279685",2024-01-31,Organic,Rain-fed,No,46,45,30,0,0,6,18,23,31,0,0,0,1860,1470,1485,288,276,240,1841,1555,1097,0,0,0,199
F086,Jesse Dalton,Tana River Ward 7,"3.688388, 38.909795",2020-07-07,Organic,Irrigated,Yes,12,4,0,42,18,39,12,30,23,0,0,0,32,48,40,1479,1530,984,863,1409,1236,0,0,0,180
F087,Tracy Jackson,Tana River Ward 7,"4.29383, 40.904361",2020-04-15,Conventional,Irrigated,No,18,5,6,2,12,33,35,5,15,0,0,0,304,192,197,810,1662,1047,565,405,600,0,0,0,131
F088,Mary Durham,Tana River Ward 5,"4.14463, 35.026376",2022-02-13,Organic,Rain-fed,No,19,20,11,19,34,23,39,36,38,0,0,0,746,536,481,1189,1202,1431,2212,1544,1428,0,0,0,239
F089,Joshua Thomas,Tana River Ward 11,"-0.956593, 41.219884",2021-02-25,Organic,Rain-fed,No,17,7,41,3,12,5,0,10,14,7,0,0,1450,2004,1641,259,376,315,456,762,462,0,0,0,116
F090,Nicholas Mcdonald,Tana River Ward 11,"-4.23274, 35.78289",2024-03-03,Conventional,Irrigated,Yes,11,9,49,17,0,0,42,27,26,0,0,0,1324,1128,2442,0,0,0,893,1497,971,0,0,0,181
F091,Jacqueline Carter,Tana River Ward 6,"1.821679, 41.718294",2022-10-30,Organic,Rain-fed,No,0,91,0,14,34,21,35,0,46,0,0,0,1365,637,546,1120,1379,1010,2300,2208,1794,0,0,0,241
F092,Taylor Roberts,Tana River Ward 10,"-3.570127, 40.177138",2021-01-25,Organic,Rain-fed,Yes,36,28,9,0,0,31,40,38,23,12,0,20,413,616,482,1240,1426,1519,1309,1294,1062,640,980,720,237
F093,James Hammond,Tana River Ward 3,"1.697216, 36.412224",2022-06-05,Conventional,Irrigated,Yes,6,58,6,0,5,31,31,22,0,0,0,0,948,556,926,1610,1202,670,330,154,308,0,0,0,159
F094,Mary Torres,Tana River Ward 7,"-2.674073, 38.268741",2020-09-13,Conventional,Irrigated,No,3,55,16,14,25,27,7,13,2,0,0,0,1030,1021,1177,1617,1203,1255,185,154,235,0,0,0,162
F095,Jasmine Nicholson,Tana River Ward 7,"-3.787871, 36.8623",2024-03-17,Organic,Rain-fed,Yes,25,20,0,11,25,27,0,19,0,0,2,0,200,220,240,1550,1293,1043,266,228,285,20,22,12,129
F096,Lisa Roy,Tana River Ward 5,"-3.218283, 41.150593",2023-06-15,Organic,Irrigated,No,29,11,82,25,37,11,0,0,55,0,0,0,2160,3849,3013,732,608,726,1375,1595,2365,0,0,0,250
F097,Maria Mccarty,Tana River Ward 7,"1.300628, 41.498788",2025-01-12,Conventional,Rain-fed,No,26,0,3,4,7,18,7,10,12,0,0,0,102,99,147,942,801,917,606,434,360,0,0,0,87
F098,James Gray,Tana River Ward 3,"0.475378, 37.337373",2024-07-30,Conventional,Rain-fed,Yes,67,12,57,0,46,7,0,0,35,0,0,0,2550,1683,2766,469,711,656,910,1295,1295,0,0,0,224
F099,Katherine Duncan,Tana River Ward 10,"4.460652, 41.106665",2025-05-24,Conventional,Rain-fed,Yes,50,0,41,36,3,0,17,0,0,0,0,0,1107,943,1107,15,42,24,0,0,0,0,0,0,147
F100,Jessica Perez,Tana River Ward 4,"2.470381, 35.167672",2025-02-03,Organic,Irrigated,No,15,30,15,2,16,0,15,0,9,0,0,0,750,810,945,240,160,192,261,198,261,0,0,0,102
F101,Sarah Summers,Tana River Ward 4,"0.273997, 34.118553",2022-07-30,Conventional,Irrigated,Yes,9,0,2,25,12,30,21,3,27,0,0,0,72,70,60,1032,858,1476,663,1161,960,0,0,0,129
F102,Ashley Andrade,Tana River Ward 11,"1.97282, 37.308252",2024-06-21,Conventional,Irrigated,Yes,11,19,48,18,0,0,15,4,0,0,0,0,1505,1151,2398,0,0,0,52,52,52,0,0,0,115
F103,Benjamin Oliver,Tana River Ward 9,"0.690412, 36.493843",2024-10-02,Organic,Irrigated,Yes,0,38,80,0,0,0,22,36,36,0,14,0,3146,3214,2506,0,0,0,1152,1656,1908,196,140,98,226
F104,James Williams,Tana River Ward 9,"0.627251, 41.387169",2023-05-17,Conventional,Rain-fed,No,5,0,12,2,16,5,6,9,0,0,0,0,516,408,288,358,276,334,81,54,135,0,0,0,55
F105,Jennifer Allen,Tana River Ward 8,"-3.962417, 41.125024",2024-05-14,Organic,Rain-fed,No,12,3,0,8,12,0,18,15,17,0,0,0,39,24,24,168,60,84,535,758,581,0,0,0,85
F106,Virginia Hunt,Tana River Ward 1,"-3.275147, 37.32464",2023-12-03,Organic,Irrigated,Yes,0,0,53,27,51,0,28,5,29,1,0,23,2544,2544,1855,714,714,255,1133,959,958,943,1058,621,217
F107,Gavin Foster,Tana River Ward 12,"2.177542, 40.969963",2022-02-14,Conventional,Rain-fed,No,12,0,15,10,0,6,12,15,21,0,0,0,645,360,690,210,276,192,699,876,852,0,0,0,91
F108,Jeremy Johnson,Tana River Ward 12,"2.520312, 40.096062",2022-01-14,Organic,Rain-fed,Yes,18,33,13,0,7,26,21,0,0,0,0,0,1145,695,720,1013,680,616,0,0,0,0,0,0,118
F109,Shirley Wang,Tana River Ward 8,"0.041547, 40.583183",2022-11-30,Conventional,Irrigated,No,34,6,63,22,0,19,0,29,35,0,0,0,2832,1779,2424,931,893,513,1638,1660,1917,0,0,0,208
F110,Jacob Oconnor,Tana River Ward 7,"-2.148258, 41.744005",2022-03-01,Conventional,Rain-fed,Yes,46,7,28,23,0,0,1,11,0,0,0,0,777,819,1281,0,0,0,165,55,121,0,0,0,116
F111,Tamara Perez,Tana River Ward 3,"-0.292918, 41.031614",2020-11-19,Conventional,Rain-fed,No,39,32,15,0,26,44,10,17,17,0,0,0,712,764,603,1450,1280,1088,918,731,748,0,0,0,200
F112,Ricky Osborn,Tana River Ward 8,"4.027359, 39.026538",2025-08-15,Conventional,Rain-fed,Yes,33,18,5,13,14,16,26,0,0,16,0,0,200,359,397,964,890,934,0,0,0,0,0,0,141
F113,Kevin Garcia,Tana River Ward 3,"-1.914826, 40.851803",2022-02-03,Organic,Irrigated,Yes,0,32,39,16,19,7,0,3,0,0,0,10,1611,2086,1004,398,391,415,18,39,15,280,500,400,126
F114,Rodney Evans,Tana River Ward 4,"2.807606, 35.831747",2025-02-14,Conventional,Rain-fed,Yes,33,0,0,13,11,19,12,21,31,7,18,0,0,0,0,887,520,925,1130,1232,871,198,252,234,165
F115,Sarah Burke,Tana River Ward 12,"1.742735, 41.445906",2024-08-04,Conventional,Irrigated,No,7,15,21,0,14,0,15,14,0,0,0,0,1056,1086,927,182,168,182,70,182,140,0,0,0,86
F116,Hayden Bauer,Tana River Ward 9,"-1.815069, 41.239226",2021-09-16,Conventional,Irrigated,No,3,20,22,0,0,0,6,7,13,0,0,0,906,1230,1212,0,0,0,467,453,426,0,0,0,71
F117,Andrea Murphy,Tana River Ward 9,"2.7002, 37.188668",2024-07-14,Conventional,Irrigated,No,31,40,36,0,15,15,0,0,0,0,0,0,1564,1768,1444,810,480,720,0,0,0,0,0,0,137
F118,Clifford Cruz,Tana River Ward 4,"3.714083, 41.366058",2024-02-04,Conventional,Irrigated,Yes,99,0,0,22,0,38,49,0,32,0,0,0,0,0,0,1292,1786,1026,1472,768,1536,0,0,0,240
F119,Natasha Moore,Tana River Ward 7,"3.722343, 34.772062",2021-04-28,Conventional,Irrigated,No,0,53,0,0,30,24,0,13,8,14,3,9,265,318,477,888,1338,810,262,270,561,390,363,429,154
F120,Shaun Davis,Tana River Ward 10,"-4.057196, 34.472824",2020-06-02,Organic,Irrigated,Yes,19,0,0,12,31,0,31,2,20,0,0,0,0,0,0,248,372,434,936,484,666,0,0,0,115
F121,Jennifer Rodriguez,Tana River Ward 12,"3.620095, 39.541712",2025-05-18,Conventional,Rain-fed,No,15,21,35,0,0,0,8,10,0,13,0,2,1113,1617,1456,0,0,0,120,110,100,64,84,44,104
F122,Joshua Flowers,Tana River Ward 8,"1.674396, 37.509659",2024-12-23,Conventional,Irrigated,No,9,25,0,0,27,33,25,11,0,0,17,19,125,125,175,1230,888,1923,77,99,66,729,978,1101,166
F123,James Lewis,Tana River Ward 9,"1.695639, 37.067971",2024-02-20,Conventional,Irrigated,Yes,26,19,0,6,0,4,0,1,0,12,5,5,152,285,209,120,96,116,12,13,15,165,300,285,78
F124,Amanda Davis,Tana River Ward 2,"-0.828423, 38.105658",2023-04-16,Organic,Rain-fed,No,0,42,23,12,0,2,0,3,13,0,3,13,1129,1060,1547,78,62,62,541,369,445,518,387,481,111
F125,Julie Ward,Tana River Ward 11,"-0.882566, 41.451335",2022-05-07,Conventional,Rain-fed,Yes,35,0,6,0,38,7,4,40,13,0,0,0,150,216,156,771,618,484,793,656,984,0,0,0,143
F126,Charles Huynh,Tana River Ward 7,"1.785549, 39.698458",2024-06-21,Conventional,Rain-fed,Yes,53,0,61,21,3,0,0,29,8,18,0,0,1830,2257,2135,18,24,15,531,542,329,0,0,0,193
F127,Ernest Robinson,Tana River Ward 5,"-1.880381, 34.162566",2022-03-30,Conventional,Rain-fed,No,13,11,0,14,16,0,11,0,11,0,0,0,121,88,88,80,224,96,308,495,242,0,0,0,76
F128,Charles Curry,Tana River Ward 7,"2.354368, 40.604042",2020-12-12,Conventional,Irrigated,Yes,18,34,15,0,25,34,13,0,10,0,20,0,729,930,719,1370,1839,1463,420,430,320,120,240,100,169
F129,Kevin Moore,Tana River Ward 12,"-2.048699, 40.562188",2025-03-04,Conventional,Rain-fed,No,8,38,36,0,31,26,49,15,27,0,0,0,1238,2114,1934,1256,981,1220,1020,1413,921,0,0,0,230
F130,Richard Smith,Tana River Ward 9,"3.518607, 34.116441",2024-10-20,Organic,Irrigated,Yes,50,54,0,19,13,3,1,12,20,0,0,18,702,756,756,161,267,238,700,1072,740,648,558,630,190
F131,Dominique Cooper,Tana River Ward 1,"-2.786938, 39.290863",2020-08-13,Conventional,Rain-fed,Yes,75,53,41,11,19,0,6,0,27,0,0,0,2030,1355,2071,285,114,171,648,1134,1350,0,0,0,232
F132,Dawn Stafford,Tana River Ward 12,"0.010194, 37.758177",2023-09-30,Organic,Rain-fed,Yes,17,51,46,40,0,0,22,4,9,0,0,0,2708,2099,2539,0,0,0,265,431,255,0,0,0,189
F133,Elizabeth Vaughn,Tana River Ward 9,"0.089187, 39.983191",2024-12-07,Conventional,Rain-fed,Yes,20,38,0,0,8,0,20,17,0,15,21,3,532,342,418,80,72,72,170,119,238,282,318,351,142
F134,Jonathan Davis,Tana River Ward 2,"-3.942132, 34.938958",2020-04-10,Conventional,Irrigated,No,10,31,35,23,24,2,14,1,0,0,0,0,1819,2044,1566,302,282,356,12,12,11,0,0,0,140
F135,Kevin Wallace,Tana River Ward 8,"-0.600104, 41.75953",2023-09-25,Organic,Irrigated,No,0,9,34,47,7,4,23,0,43,0,0,0,1672,1126,1074,191,136,255,1634,860,989,0,0,0,167
F136,Kelly Moore,Tana River Ward 3,"3.736369, 34.232622",2020-03-07,Conventional,Rain-fed,Yes,50,0,72,36,19,28,18,5,13,1,0,0,2448,3096,2592,862,683,1544,427,295,647,0,0,0,242
F137,Charles Cunningham,Tana River Ward 10,"4.405159, 40.233549",2024-04-11,Organic,Irrigated,Yes,0,5,22,22,24,5,13,25,0,0,1,0,1074,1148,744,458,393,328,375,375,300,13,7,10,117
F138,Michele Best,Tana River Ward 11,"-2.896888, 40.855281",2025-01-02,Organic,Irrigated,Yes,0,79,29,0,0,45,0,0,41,30,5,9,1884,1958,1465,1260,1620,1710,1476,1845,820,389,444,457,238
F139,Carlos Perez,Tana River Ward 1,"-1.550489, 38.127187",2024-10-16,Organic,Rain-fed,Yes,13,1,0,8,20,4,5,19,1,0,0,0,15,8,12,216,340,396,269,164,233,0,0,0,71
F140,Brian Adams,Tana River Ward 12,"3.91148, 40.051896",2023-02-20,Conventional,Rain-fed,No,23,0,0,9,14,5,3,14,5,0,0,0,0,0,0,278,403,265,268,213,279,0,0,0,73
F141,Hailey Simpson,Tana River Ward 6,"4.248303, 34.618603",2021-09-23,Organic,Irrigated,No,59,26,0,15,26,16,0,0,35,0,0,0,390,338,364,1106,614,806,1645,1575,1505,0,0,0,177
F142,Peter Hughes,Tana River Ward 2,"2.186645, 40.841409",2021-02-28,Conventional,Irrigated,No,72,0,28,0,0,19,32,33,4,0,28,0,1316,588,1232,646,380,437,377,551,522,420,336,168,216
F143,Ashlee Garcia,Tana River Ward 8,"-0.215186, 41.86943",2022-07-06,Conventional,Rain-fed,Yes,10,28,29,1,0,0,3,0,10,0,0,0,1065,1352,1032,0,0,0,460,290,420,0,0,0,81
F144,Penny Robinson,Tana River Ward 9,"2.361603, 37.026196",2025-03-04,Organic,Rain-fed,Yes,6,5,16,46,45,37,0,74,9,0,0,0,662,530,366,2377,1248,1803,813,909,1551,0,0,0,238
F145,Stephanie Anderson,Tana River Ward 8,"-1.775907, 40.20682",2024-05-30,Conventional,Irrigated,No,22,10,14,20,2,18,3,15,23,0,0,0,498,456,494,812,568,624,969,826,780,0,0,0,127
F146,Antonio Fischer,Tana River Ward 6,"3.421171, 38.86259",2020-06-05,Organic,Rain-fed,No,0,34,20,0,6,8,18,16,0,0,0,0,1098,1206,792,212,386,408,176,96,96,0,0,0,102
F147,Jeremy Andrews,Tana River Ward 10,"1.842006, 37.012772",2022-10-26,Organic,Irrigated,No,38,34,66,0,30,0,37,0,20,0,0,0,3282,2488,2678,180,240,180,440,480,880,0,0,0,225
F148,Danielle Cohen,Tana River Ward 3,"-0.609374, 34.12482",2025-09-13,Organic,Rain-fed,No,11,13,7,0,6,2,0,3,3,0,0,8,545,232,376,158,156,132,123,153,156,248,216,208,53
F149,Dana Lee,Tana River Ward 7,"-0.562962, 36.410748",2024-06-06,Conventional,Rain-fed,No,0,17,15,12,8,3,3,3,8,0,0,0,611,511,913,203,151,156,233,199,242,0,0,0,69
F150,Dana Griffith,Tana River Ward 8,"0.796976, 37.693019",2021-10-02,Organic,Rain-fed,Yes,50,35,0,26,34,13,16,0,0,0,0,0,210,420,525,905,780,660,0,0,0,0,0,0,174
F151,Ashley Curtis,Tana River Ward 9,"4.122233, 36.461549",2022-09-04,Conventional,Rain-fed,Yes,22,32,24,21,0,8,11,34,16,0,0,0,1368,1328,1016,224,344,360,910,1244,936,0,0,0,168
F152,Kristine Young,Tana River Ward 6,"-4.109671, 40.750479",2024-05-05,Organic,Irrigated,Yes,0,15,46,0,13,0,33,19,26,0,3,0,2053,1163,2343,91,182,91,904,838,833,15,27,18,155
F153,Kelly Thompson,Tana River Ward 9,"1.082667, 34.467571",2024-09-12,Conventional,Irrigated,No,16,17,10,17,12,11,22,2,12,2,0,14,462,451,585,615,446,597,360,502,406,630,672,588,135
F154,Darius Robinson,Tana River Ward 5,"3.419023, 34.790955",2020-11-11,Conventional,Irrigated,Yes,7,9,22,0,7,7,3,0,11,0,0,0,1146,1028,604,301,231,301,506,308,341,0,0,0,66
F155,Christopher Williamson,Tana River Ward 3,"-0.130424, 38.237336",2024-08-09,Conventional,Irrigated,Yes,99,10,12,28,0,0,27,33,32,0,0,0,586,448,398,0,0,0,1324,1733,1612,0,0,0,241
F156,Sharon Kennedy,Tana River Ward 6,"-2.153835, 35.174287",2024-12-01,Conventional,Rain-fed,No,0,4,41,22,3,18,24,20,13,6,0,0,1713,1664,856,684,642,891,746,786,767,0,0,0,151
F157,Steve Bishop,Tana River Ward 10,"-2.091086, 39.470794",2021-04-28,Conventional,Rain-fed,Yes,0,0,95,0,61,17,0,17,51,0,0,0,3610,2945,2470,1524,1306,1358,2703,2295,1275,0,0,0,241
F158,Zachary Foster DVM,Tana River Ward 8,"4.379808, 38.036989",2022-03-14,Organic,Irrigated,Yes,43,42,39,1,27,11,0,0,10,0,0,0,1518,2007,1860,486,436,509,370,300,210,0,0,0,173
F159,Austin Brown,Tana River Ward 3,"4.155146, 40.653176",2022-11-30,Organic,Rain-fed,Yes,8,31,19,21,0,0,20,11,0,0,0,0,844,1118,953,0,0,0,165,55,66,0,0,0,110
F160,Shannon Wilson,Tana River Ward 1,"-0.000651, 35.881276",2021-09-30,Organic,Rain-fed,No,26,50,30,18,0,0,0,0,6,23,0,5,1690,1360,1670,0,0,0,192,216,264,235,185,195,158
F161,Amanda Flores,Tana River Ward 6,"-0.509135, 35.053783",2022-03-16,Organic,Rain-fed,Yes,51,1,17,6,16,7,0,12,0,0,0,0,857,793,396,530,354,250,168,120,132,0,0,0,110
F162,Kevin Parker,Tana River Ward 8,"-1.698378, 34.218239",2024-06-28,Conventional,Rain-fed,No,0,42,22,17,30,0,42,33,0,0,0,2,1184,1298,1308,420,300,330,495,330,363,80,48,80,188
F163,Derek Wilson,Tana River Ward 1,"-0.122066, 40.04355",2024-06-03,Conventional,Irrigated,No,0,57,43,1,0,22,10,0,30,0,0,0,1801,1860,2477,858,1056,660,630,1050,750,0,0,0,163
F164,Jasmine Perkins,Tana River Ward 2,"3.588266, 34.900353",2025-10-17,Organic,Irrigated,No,18,20,12,0,0,12,0,17,16,7,1,24,500,412,732,240,456,456,587,903,616,1207,752,1160,127
F165,Sandra Jensen,Tana River Ward 3,"-1.56262, 38.400695",2025-05-18,Conventional,Rain-fed,Yes,1,5,23,25,0,24,4,33,4,0,0,0,906,983,855,1104,1032,1056,414,545,485,0,0,0,119
F166,Daniel Clark,Tana River Ward 1,"-3.439218, 36.688015",2020-04-14,Organic,Rain-fed,No,0,41,63,0,9,39,17,0,0,0,0,0,2552,2990,2489,1749,1872,1740,0,0,0,0,0,0,169
F167,Carrie Ramirez,Tana River Ward 2,"-3.158208, 35.438145",2025-08-03,Conventional,Irrigated,No,15,15,0,5,10,0,21,5,17,0,4,9,90,210,165,50,80,150,744,871,511,259,360,358,101
F168,Stacey Smith,Tana River Ward 1,"4.314151, 34.231649",2025-05-24,Conventional,Irrigated,Yes,21,30,11,15,24,0,11,6,25,0,0,0,893,647,499,240,336,120,922,872,1134,0,0,0,143
F169,Matthew Martin,Tana River Ward 7,"-3.550606, 40.312267",2022-01-09,Conventional,Irrigated,Yes,0,0,51,13,32,0,23,25,15,0,0,0,2193,1377,1530,320,352,224,630,695,870,0,0,0,159
F170,Melissa Washington,Tana River Ward 1,"-2.68701, 34.305492",2020-06-12,Organic,Rain-fed,No,29,5,0,8,0,0,16,6,1,0,0,0,55,45,55,0,0,0,128,105,84,0,0,0,65
F171,James Ramos,Tana River Ward 10,"1.527967, 40.948845",2020-03-02,Conventional,Rain-fed,No,26,48,21,0,0,20,0,16,0,5,4,20,1314,1230,1062,860,940,940,208,144,128,560,640,640,160
F172,Joshua Hernandez,Tana River Ward 3,"-2.34383, 41.416886",2021-02-02,Conventional,Rain-fed,No,46,47,1,1,1,1,6,30,23,0,0,0,406,599,468,37,39,55,702,656,1070,0,0,0,156
F173,Alison Haas,Tana River Ward 5,"0.407507, 34.789017",2025-11-12,Conventional,Irrigated,Yes,30,2,6,28,11,0,49,27,9,0,11,13,206,238,274,143,121,77,621,720,405,747,528,454,186
F174,Brendan Silva,Tana River Ward 4,"1.911774, 37.369043",2024-01-29,Conventional,Irrigated,No,14,10,20,1,0,10,19,26,0,23,0,26,770,910,980,390,490,430,364,286,364,624,1274,572,149
F175,Christine Hughes,Tana River Ward 8,"3.460823, 36.446937",2021-08-06,Conventional,Irrigated,Yes,17,12,6,0,0,6,0,1,6,0,1,5,450,378,300,294,282,138,249,302,136,190,215,186,54
F176,Erin Becker,Tana River Ward 11,"-2.964585, 37.821349",2021-01-16,Organic,Irrigated,No,30,4,34,0,25,38,0,0,8,26,8,0,1114,1370,1144,1111,1781,1871,192,312,312,80,40,48,173
F177,Jason Flynn,Tana River Ward 6,"-2.187344, 40.024109",2024-08-27,Conventional,Rain-fed,No,32,56,48,0,5,12,7,0,12,6,13,0,2296,1456,1640,607,585,459,516,240,252,156,156,182,191
F178,Roger Watkins,Tana River Ward 3,"-1.283664, 39.965109",2021-08-23,Conventional,Rain-fed,No,0,18,58,5,15,0,16,11,37,0,0,0,2638,3094,2692,120,105,195,920,1738,861,0,0,0,160
F179,Jennifer Pace,Tana River Ward 5,"-0.447417, 38.729832",2020-01-12,Conventional,Rain-fed,Yes,24,10,40,36,18,0,0,5,4,0,11,0,850,1700,1170,126,162,216,174,236,215,132,66,132,148
F180,Diane Hamilton,Tana River Ward 8,"3.653558, 35.046078",2023-08-13,Conventional,Rain-fed,No,37,39,17,0,0,2,22,0,1,0,0,0,1053,1055,886,74,96,50,20,32,24,0,0,0,118
F181,Diana Carlson,Tana River Ward 1,"-0.673875, 40.287075",2024-06-19,Conventional,Rain-fed,No,26,27,52,24,0,9,0,0,4,0,0,11,1643,2606,2529,324,180,414,112,148,180,319,495,319,153
F182,Gerald Kennedy,Tana River Ward 12,"3.980527, 37.968368",2025-09-01,Organic,Rain-fed,Yes,0,67,93,13,0,22,10,38,0,0,0,0,5320,4100,4126,506,462,660,532,190,190,0,0,0,243
F183,Joshua Combs,Tana River Ward 6,"-1.736076, 36.420389",2025-08-19,Conventional,Irrigated,No,0,24,33,46,8,0,48,0,0,7,27,3,1701,1137,1602,104,88,56,0,0,0,396,306,396,196
F184,Tiffany Carter,Tana River Ward 10,"-1.179606, 40.244588",2021-01-25,Organic,Irrigated,No,88,57,0,6,40,0,33,0,22,0,0,0,456,798,399,280,600,320,814,792,902,0,0,0,246
F185,Jennifer Jackson,Tana River Ward 9,"4.317687, 39.133628",2024-02-23,Organic,Irrigated,No,26,0,21,16,0,0,0,6,0,4,6,0,441,483,420,0,0,0,60,30,36,54,90,60,79
F186,Michael Butler,Tana River Ward 5,"-0.157069, 37.469597",2024-04-30,Conventional,Rain-fed,No,0,22,4,14,19,0,1,1,8,0,0,0,454,218,280,247,247,114,414,210,286,0,0,0,69
F187,Jesse West,Tana River Ward 2,"0.763155, 36.71853",2024-01-02,Conventional,Rain-fed,No,32,66,80,0,14,0,0,54,0,0,0,0,4430,4444,4510,196,84,126,432,270,324,0,0,0,246
F188,Crystal Smith MD,Tana River Ward 7,"2.153067, 38.958881",2023-06-28,Conventional,Rain-fed,No,0,27,16,8,16,31,5,8,15,0,15,27,590,759,1023,1306,1495,1727,745,509,685,981,1224,1293,168
F189,Martin Waters,Tana River Ward 6,"1.690349, 38.723828",2023-06-29,Organic,Rain-fed,Yes,47,23,28,10,2,22,9,35,2,0,0,0,1462,1228,1327,748,722,866,428,461,390,0,0,0,178
F190,John Keith,Tana River Ward 7,"4.446981, 39.471627",2020-01-11,Conventional,Rain-fed,No,0,0,25,6,8,6,0,5,19,0,0,0,1250,925,1125,266,200,372,911,1006,790,0,0,0,69
F191,Patrick Thompson DDS,Tana River Ward 9,"-1.759107, 39.79796",2025-07-29,Organic,Rain-fed,No,30,0,9,15,9,0,14,18,0,0,5,11,180,405,225,135,135,135,108,270,108,449,352,307,111
F192,Timothy Glover,Tana River Ward 4,"0.690621, 39.55504",2021-11-03,Conventional,Irrigated,No,5,19,7,8,15,1,5,15,3,0,0,0,368,415,385,250,233,200,159,189,312,0,0,0,78
F193,Mary Jones,Tana River Ward 8,"-3.694634, 38.502402",2022-09-15,Organic,Rain-fed,Yes,55,75,67,23,0,21,9,0,0,0,0,0,3682,3387,3036,567,735,651,0,0,0,0,0,0,250
F194,Jerry Hall,Tana River Ward 12,"0.71529, 40.296073",2021-12-10,Conventional,Rain-fed,Yes,0,44,0,48,16,26,26,21,0,8,5,25,484,660,396,1134,888,888,126,189,147,900,1210,1300,219
F195,Julie Miller,Tana River Ward 5,"-1.539996, 37.133016",2020-02-15,Conventional,Rain-fed,Yes,12,27,23,0,0,15,23,25,0,2,7,0,1040,1159,811,510,375,480,250,375,150,49,42,35,134
F196,Jacqueline Giles,Tana River Ward 5,"1.095648, 37.173942",2022-08-15,Organic,Rain-fed,No,25,13,0,4,0,0,0,4,11,0,7,2,195,130,143,0,0,0,578,452,529,131,154,160,66
F197,Tristan Campbell,Tana River Ward 5,"2.983225, 39.861164",2020-11-20,Organic,Irrigated,Yes,63,28,35,0,9,16,27,0,30,0,0,0,1449,1225,1988,529,630,862,720,960,840,0,0,0,208
F198,Katherine Petty,Tana River Ward 10,"3.884947, 35.163191",2025-10-02,Conventional,Rain-fed,No,6,25,28,0,9,0,32,15,42,0,27,0,1146,813,1650,126,90,126,2121,1674,1629,216,243,324,184
F199,Mr. Victor Wolfe,Tana River Ward 8,"-3.958943, 38.506257",2024-01-17,Conventional,Rain-fed,Yes,69,56,0,16,19,0,0,20,49,0,0,0,840,448,448,228,171,114,2367,2071,1227,0,0,0,229
F200,Darryl Graves,Tana River Ward 4,"-0.892682, 37.342467",2025-07-26,Organic,Irrigated,No,23,0,16,0,20,36,28,18,0,5,20,18,624,320,688,1324,1720,820,90,270,90,1200,714,822,184
F201,Michael Cain,Tana River Ward 12,"1.882375, 39.738147",2020-08-14,Organic,Rain-fed,Yes,51,10,0,20,0,0,0,22,30,0,0,0,140,110,100,0,0,0,1510,1340,1308,0,0,0,133
F202,Lisa Bush,Tana River Ward 10,"-3.75068, 37.34157",2025-08-06,Organic,Irrigated,Yes,21,11,9,7,0,0,5,0,2,0,0,0,606,337,526,0,0,0,40,84,92,0,0,0,55
F203,Rhonda Mack,Tana River Ward 1,"-3.962443, 39.206755",2021-06-08,Conventional,Irrigated,No,1,0,78,44,18,0,43,0,15,0,0,0,3276,2184,2886,234,126,126,315,690,390,0,0,0,199
F204,Ryan Cain,Tana River Ward 6,"0.625015, 36.497386",2023-06-17,Organic,Irrigated,No,3,13,91,2,26,17,6,49,13,0,0,0,4342,3003,2561,897,704,1051,972,1024,756,0,0,0,220
F205,Joseph Johnson,Tana River Ward 10,"1.495141, 34.010994",2020-02-14,Organic,Rain-fed,Yes,0,0,52,28,0,22,24,18,20,6,0,0,1456,2392,1040,814,550,836,786,1058,1178,0,0,0,170
F206,Sherri Flores,Tana River Ward 11,"-2.178373, 40.0362",2021-06-24,Organic,Rain-fed,No,38,34,0,34,16,8,11,0,26,12,0,0,476,238,204,608,448,600,754,546,884,0,0,0,179
F207,Christopher Pena,Tana River Ward 5,"2.697887, 36.263143",2022-04-05,Organic,Rain-fed,No,22,10,36,23,0,0,4,26,6,0,0,0,1354,1166,790,0,0,0,580,438,642,0,0,0,127
F208,Emily Brewer,Tana River Ward 8,"-1.573948, 38.642131",2025-10-11,Conventional,Irrigated,Yes,47,52,0,0,0,0,25,39,23,0,4,0,624,260,624,0,0,0,1459,1370,1319,32,32,32,190
F209,Daniel Jones,Tana River Ward 1,"1.810579, 39.684726",2023-04-30,Organic,Rain-fed,No,0,28,28,0,12,4,7,0,3,9,8,4,1008,1456,1176,220,332,276,78,123,66,160,208,176,103
F210,Timothy Smith,Tana River Ward 1,"4.430479, 39.641258",2022-12-26,Conventional,Rain-fed,No,0,1,2,11,13,13,7,0,7,6,6,0,74,47,87,624,624,728,238,217,203,78,42,78,66
F211,Craig Fletcher,Tana River Ward 6,"2.440091, 34.04074",2023-02-18,Organic,Rain-fed,No,0,60,0,0,0,55,61,0,57,0,0,0,480,600,300,1650,2365,1485,1767,2337,1710,0,0,0,233
F212,Michael Flynn,Tana River Ward 11,"-1.206521, 36.726084",2020-12-21,Conventional,Irrigated,No,7,22,12,0,0,10,0,0,11,13,0,6,686,634,696,350,300,440,407,308,440,198,120,222,81
F213,Matthew Jackson,Tana River Ward 2,"-4.287228, 37.886811",2022-11-11,Organic,Irrigated,Yes,0,58,26,19,9,38,0,0,40,0,0,0,1854,1044,1956,1031,1532,1277,1560,1240,1200,0,0,0,190
F214,Jill Velez,Tana River Ward 7,"-2.724711, 40.168013",2022-12-11,Conventional,Irrigated,No,8,11,42,43,35,8,17,41,0,0,0,0,1726,1686,895,608,671,761,205,615,492,0,0,0,205
F215,Paige Young,Tana River Ward 9,"-1.871131, 41.250812",2022-02-27,Organic,Rain-fed,No,13,9,72,0,0,0,34,52,24,4,8,14,1935,2871,3204,0,0,0,1108,1324,1860,760,546,622,230
F216,Michael Cline,Tana River Ward 1,"4.030951, 40.146537",2020-01-25,Organic,Rain-fed,Yes,13,81,0,0,2,50,31,40,0,0,0,0,405,567,891,1714,1474,1826,280,520,320,0,0,0,217
F217,Kristina Cohen,Tana River Ward 7,"-1.622687, 35.910811",2024-11-22,Conventional,Irrigated,No,29,0,0,0,15,4,7,13,6,0,9,3,0,0,0,307,239,356,453,209,447,258,252,237,86
F218,Adrian Phillips,Tana River Ward 12,"-4.183343, 37.969945",2023-09-19,Organic,Rain-fed,Yes,51,16,54,14,22,18,0,0,9,0,0,0,1160,1456,1634,936,916,780,207,288,396,0,0,0,184
F219,Lisa Gardner,Tana River Ward 8,"0.947071, 36.393859",2024-03-04,Organic,Rain-fed,No,3,0,23,13,4,0,8,3,2,0,0,0,621,460,1058,60,32,48,91,82,72,0,0,0,56
F220,Rebecca Anderson,Tana River Ward 2,"-2.02147, 35.528076",2025-01-15,Conventional,Irrigated,Yes,3,18,19,9,0,11,0,0,0,0,0,0,728,881,632,352,242,352,0,0,0,0,0,0,60
F221,Timothy Stephenson,Tana River Ward 11,"3.751108, 38.202954",2025-10-01,Organic,Irrigated,Yes,11,18,42,18,23,0,7,16,5,0,0,0,1788,1482,1956,138,322,184,319,430,404,0,0,0,140
F222,Jack Lang,Tana River Ward 7,"-1.696253, 41.199569",2022-09-17,Conventional,Rain-fed,Yes,63,0,43,0,0,0,34,14,4,0,0,0,989,1204,2107,0,0,0,284,298,230,0,0,0,158
F223,Emily Williams,Tana River Ward 2,"1.75483, 34.0432",2021-11-20,Organic,Irrigated,No,19,64,0,7,25,8,24,0,9,16,0,13,704,896,768,569,718,534,333,234,423,572,546,364,185
F224,Amy Williams,Tana River Ward 6,"-1.774554, 37.513015",2024-06-08,Conventional,Irrigated,No,72,28,17,0,27,38,20,6,0,0,0,0,1056,760,1038,2229,1617,1861,84,60,90,0,0,0,208
F225,Jason Bradley,Tana River Ward 6,"0.585803, 37.480046",2020-06-03,Organic,Rain-fed,No,49,30,25,23,0,18,4,0,0,5,0,24,885,1125,1045,774,630,720,0,0,0,504,768,792,178
F226,Kathryn Guzman,Tana River Ward 7,"-3.886456, 40.690317",2024-06-24,Organic,Irrigated,No,12,0,51,14,9,36,13,0,7,0,0,0,2550,1785,1734,1467,1737,1602,168,322,147,0,0,0,142
F227,Stephen Scott,Tana River Ward 5,"-3.225138, 40.568393",2020-03-23,Conventional,Rain-fed,Yes,28,1,37,0,0,0,15,0,18,0,0,0,1199,1639,1121,0,0,0,810,666,828,0,0,0,99
F228,Chad Moore,Tana River Ward 11,"-3.493754, 37.802823",2021-07-25,Conventional,Irrigated,No,18,20,19,39,28,18,0,8,0,0,11,0,694,919,937,918,1140,712,72,64,40,132,121,165,161
F229,Tyler Johnson,Tana River Ward 10,"-2.615379, 40.342758",2023-05-14,Conventional,Irrigated,No,48,15,59,0,14,29,0,12,0,0,0,0,1315,2496,1491,1342,1461,1286,132,72,120,0,0,0,177
F230,Crystal Hernandez DVM,Tana River Ward 1,"-3.258461, 37.049462",2022-04-07,Organic,Rain-fed,Yes,55,5,77,5,15,16,17,13,7,0,0,0,3309,2057,3048,596,1025,916,316,232,444,0,0,0,210
F231,Virginia Green,Tana River Ward 5,"3.817725, 39.785849",2020-07-19,Organic,Irrigated,No,0,26,0,12,0,13,19,13,0,0,0,0,130,260,234,585,338,585,117,78,78,0,0,0,83
F232,Carla Vargas,Tana River Ward 1,"2.092744, 36.063671",2020-07-24,Conventional,Irrigated,Yes,8,44,43,3,14,22,24,12,0,0,0,0,1512,1949,2035,878,706,956,144,144,96,0,0,0,170
F233,Deborah Molina,Tana River Ward 5,"0.863703, 37.25415",2022-07-29,Organic,Irrigated,No,42,20,11,5,7,13,0,0,0,2,0,13,435,594,384,584,638,544,0,0,0,468,390,325,113
F234,Debra Stewart,Tana River Ward 7,"0.065453, 35.440118",2025-12-21,Conventional,Rain-fed,Yes,21,8,13,8,0,0,0,0,9,0,0,0,438,389,646,0,0,0,414,342,333,0,0,0,59
F235,Chad Crawford,Tana River Ward 2,"-1.383725, 40.984557",2024-01-28,Organic,Irrigated,Yes,10,27,0,18,14,0,11,20,0,18,0,12,243,189,270,112,70,84,300,240,140,384,384,564,130
F236,Nathaniel Ho,Tana River Ward 2,"-3.326352, 40.500759",2023-02-27,Conventional,Irrigated,No,36,50,0,3,21,3,0,16,10,2,3,9,650,350,350,360,441,243,452,434,472,312,363,465,153
F237,Ann Mendoza,Tana River Ward 3,"2.913996, 40.719726",2022-12-03,Organic,Irrigated,No,14,25,16,8,13,0,6,5,3,0,0,0,541,591,705,130,91,169,142,163,136,0,0,0,90
F238,Debbie Vang,Tana River Ward 8,"-3.30756, 39.029986",2024-02-06,Conventional,Rain-fed,No,47,1,0,27,29,26,18,0,20,0,0,0,7,15,12,1506,1059,1050,740,800,700,0,0,0,168
F239,Kimberly Barnett,Tana River Ward 6,"-0.67261, 36.642825",2022-04-22,Organic,Irrigated,No,21,35,31,42,30,4,0,37,14,0,0,0,2013,1699,1636,402,400,530,884,600,1139,0,0,0,214
F240,Morgan Santos,Tana River Ward 7,"-1.287506, 40.627863",2024-05-13,Organic,Irrigated,No,49,49,6,18,0,0,36,1,30,20,13,5,533,725,561,0,0,0,606,1091,1420,342,216,230,227
F241,James Lee,Tana River Ward 7,"-1.025639, 38.540653",2024-04-08,Organic,Rain-fed,Yes,4,41,43,0,16,0,9,0,9,0,0,0,1493,1876,1147,224,176,224,414,351,189,0,0,0,122
F242,John Simmons,Tana River Ward 10,"3.001149, 37.794201",2020-02-22,Conventional,Rain-fed,Yes,4,13,3,12,16,8,8,1,0,0,2,0,209,247,304,608,520,360,14,15,9,30,20,14,67
F243,Linda Hall,Tana River Ward 6,"0.475937, 36.247044",2021-07-20,Conventional,Rain-fed,No,1,6,4,8,10,8,14,2,6,0,0,0,156,228,222,412,404,410,258,146,264,0,0,0,59
F244,Ashley Ward,Tana River Ward 5,"1.123934, 40.009459",2021-01-15,Organic,Irrigated,Yes,0,81,0,29,0,49,1,31,49,0,0,0,1053,1134,567,1960,2450,2352,2791,2293,1331,0,0,0,240
F245,Ricky Welch,Tana River Ward 11,"4.009679, 37.83461",2022-11-15,Conventional,Irrigated,Yes,9,0,4,23,18,14,21,40,32,10,18,19,116,124,88,666,790,560,1768,1256,1704,1039,937,802,208
F246,Kimberly Lee,Tana River Ward 11,"0.058255, 39.115441",2025-05-24,Conventional,Irrigated,No,63,68,7,45,0,23,0,35,0,0,0,0,883,960,1157,966,644,552,175,350,420,0,0,0,241
F247,Justin Dunn,Tana River Ward 6,"-4.234824, 37.585521",2021-11-29,Organic,Rain-fed,No,0,11,6,0,27,4,0,25,27,8,0,0,223,347,220,453,504,271,1725,1392,746,0,0,0,108
F248,Kevin Smith,Tana River Ward 8,"2.863005, 35.542816",2023-02-18,Conventional,Rain-fed,Yes,0,62,20,8,0,18,0,29,12,3,0,19,974,1362,1580,378,612,486,850,612,625,627,703,475,171
F249,Patricia Martinez,Tana River Ward 5,"4.220932, 36.571951",2020-03-06,Conventional,Irrigated,Yes,0,0,35,0,33,25,24,0,17,0,0,0,1050,770,770,1414,1745,756,527,459,799,0,0,0,134
F250,Craig Harris,Tana River Ward 8,"-1.029399, 39.756399",2025-01-02,Conventional,Irrigated,No,37,14,0,13,2,47,0,39,5,0,7,41,126,84,168,2031,1761,2362,300,522,732,1458,1827,1246,205
F251,Nathaniel Andrews,Tana River Ward 9,"1.996817, 39.688378",2021-12-10,Conventional,Irrigated,Yes,57,50,7,6,45,6,1,0,17,3,9,23,788,916,993,837,651,807,629,425,731,771,546,1080,224
F252,Amy Williams,Tana River Ward 1,"1.021554, 34.485733",2021-11-14,Organic,Rain-fed,Yes,5,19,36,13,0,34,5,6,9,0,0,0,853,1806,1687,1462,1360,918,507,273,327,0,0,0,127
F253,Kyle Robinson,Tana River Ward 2,"1.068189, 39.534158",2023-03-05,Conventional,Irrigated,No,1,41,0,43,33,33,50,30,0,0,4,0,410,492,328,858,1848,1716,210,330,180,44,32,24,235
F254,Ashlee Wade,Tana River Ward 8,"2.106641, 37.057815",2023-10-10,Conventional,Irrigated,No,4,25,0,15,4,16,1,3,0,0,0,2,275,200,325,772,732,740,15,45,21,92,78,90,70
F255,Paul Rodriguez,Tana River Ward 9,"-2.75375, 39.55654",2024-04-18,Organic,Irrigated,Yes,24,31,13,16,0,1,7,17,0,0,0,0,972,778,1011,39,49,32,238,170,238,0,0,0,109
F256,Julie Jackson,Tana River Ward 6,"0.213702, 38.875271",2021-08-27,Conventional,Irrigated,No,17,13,2,0,7,11,0,0,6,0,0,7,171,179,215,350,604,372,234,294,246,259,210,252,63
F257,Mrs. Emily Doyle MD,Tana River Ward 9,"-0.733045, 41.213153",2023-02-11,Conventional,Irrigated,Yes,0,49,0,23,6,19,19,24,4,17,0,10,392,294,392,555,491,464,340,352,464,340,200,200,171
F258,Sharon Weaver,Tana River Ward 8,"-0.03082, 37.375952",2025-10-25,Organic,Rain-fed,Yes,27,8,16,11,9,5,5,26,0,0,0,0,712,576,816,299,244,287,390,312,208,0,0,0,107
F259,Catherine Herrera,Tana River Ward 5,"4.320485, 41.427399",2022-02-05,Conventional,Irrigated,No,37,60,58,18,0,9,18,0,0,0,0,0,3200,3326,1932,342,252,279,0,0,0,0,0,0,200
F260,Mary Jones,Tana River Ward 5,"-1.1585, 34.629914",2025-04-22,Conventional,Rain-fed,Yes,0,60,43,0,23,23,0,0,5,15,0,0,1829,2286,2466,1035,1058,1242,145,210,195,0,0,0,169
F261,Alan Jones,Tana River Ward 1,"-2.311995, 40.2037",2022-08-18,Organic,Irrigated,No,28,42,22,26,0,0,28,11,18,0,0,0,1182,1148,818,0,0,0,503,978,564,0,0,0,175
F262,Deanna Jackson,Tana River Ward 3,"0.061873, 37.812536",2025-06-26,Organic,Rain-fed,Yes,24,60,15,15,0,22,15,0,7,0,0,8,1350,750,1515,572,902,792,189,161,350,184,264,344,166
F263,Garrett Meyers,Tana River Ward 10,"-0.436689, 38.196243",2022-11-17,Organic,Irrigated,Yes,39,37,23,12,2,25,0,16,2,2,0,0,774,1456,890,978,978,645,188,224,166,0,0,0,158
F264,Jessica Bass,Tana River Ward 7,"-0.755417, 37.511469",2021-02-06,Organic,Rain-fed,Yes,0,17,30,7,0,0,11,0,11,0,10,6,1323,1447,1469,0,0,0,550,396,539,294,334,192,92
F265,Robin Mason,Tana River Ward 11,"-2.786766, 35.967298",2023-01-04,Organic,Irrigated,No,35,38,11,0,12,3,3,11,24,0,0,0,814,804,613,156,192,237,618,1118,1120,0,0,0,137
F266,Robert Salazar,Tana River Ward 8,"0.751024, 34.650589",2021-01-15,Organic,Irrigated,Yes,20,0,25,9,14,12,14,0,22,0,0,0,775,700,600,590,448,458,924,968,1034,0,0,0,116
F267,Meghan King,Tana River Ward 7,"-3.848079, 38.65968",2022-01-05,Organic,Irrigated,Yes,0,56,75,17,0,1,2,7,31,12,14,0,4365,3335,2548,23,44,32,780,1265,1603,126,210,98,215
F268,Jason Anderson,Tana River Ward 8,"0.228975, 40.365568",2021-07-12,Conventional,Rain-fed,No,6,0,35,41,22,9,5,33,0,0,11,1,1645,1190,980,481,299,493,363,363,264,141,183,137,163
F269,George Heath,Tana River Ward 7,"-4.37038, 35.104702",2020-12-24,Conventional,Rain-fed,No,3,34,0,0,0,27,21,27,12,0,0,0,204,170,272,702,1026,1134,675,951,768,0,0,0,124
F270,Andrew Hughes,Tana River Ward 6,"3.340198, 41.735138",2021-10-03,Conventional,Irrigated,No,23,7,23,5,15,7,0,0,0,11,0,0,1068,804,889,369,344,408,0,0,0,0,0,0,91
F271,David Richard,Tana River Ward 12,"-0.411517, 40.751079",2025-01-28,Conventional,Rain-fed,Yes,60,10,2,52,14,35,12,0,12,0,0,0,140,218,100,1001,1456,1337,336,408,492,0,0,0,197
F272,Stephanie Roman,Tana River Ward 5,"-1.280436, 36.725165",2021-01-01,Conventional,Rain-fed,No,16,17,5,10,0,1,0,0,6,0,7,1,244,448,275,39,35,37,288,198,156,66,101,111,63
F273,Karen Scott,Tana River Ward 7,"-3.999451, 38.728645",2023-04-04,Conventional,Irrigated,Yes,26,29,24,0,10,19,0,0,0,0,0,0,1105,774,1072,823,1000,624,0,0,0,0,0,0,108
F274,Charles Snow,Tana River Ward 9,"1.646327, 40.184505",2020-01-11,Conventional,Irrigated,No,0,27,14,4,0,3,10,5,7,0,0,0,929,842,680,114,117,66,276,259,214,0,0,0,70
F275,Gary Brown,Tana River Ward 1,"2.220859, 41.38495",2023-02-20,Organic,Irrigated,Yes,48,0,62,4,0,1,0,1,32,0,0,0,2170,2046,2666,39,32,32,1293,1486,1255,0,0,0,148
F276,Robert Reid,Tana River Ward 4,"-0.681938, 36.389782",2023-08-30,Conventional,Rain-fed,Yes,77,1,0,25,40,0,59,47,0,0,0,0,14,7,14,280,520,440,329,517,376,0,0,0,249
F277,Taylor Bright,Tana River Ward 2,"3.429524, 35.066521",2022-05-28,Conventional,Irrigated,Yes,12,1,14,5,0,14,12,3,3,3,7,4,558,491,459,336,686,420,120,183,177,234,257,191,78
F278,Gregory Atkins,Tana River Ward 12,"1.828879, 34.457427",2020-05-06,Organic,Rain-fed,Yes,11,8,37,17,0,0,27,13,0,21,3,10,1288,1637,1002,0,0,0,78,182,182,247,403,328,147
F279,Vanessa Johnson,Tana River Ward 10,"-1.238649, 41.884058",2020-08-30,Organic,Rain-fed,Yes,11,0,23,0,8,14,13,0,0,1,0,5,460,713,989,664,698,692,0,0,0,105,170,125,75
F280,Kristen Espinoza,Tana River Ward 6,"-3.177866, 35.024999",2023-07-03,Conventional,Rain-fed,Yes,24,32,35,7,0,0,16,1,0,0,0,0,1175,1215,1315,0,0,0,10,10,10,0,0,0,115
F281,Lisa Bender,Tana River Ward 10,"1.721304, 41.234894",2020-08-31,Conventional,Rain-fed,Yes,11,17,1,4,10,0,0,0,14,7,0,3,120,116,130,100,50,80,574,588,700,81,87,120,67
F282,Jeffery Pena,Tana River Ward 2,"-0.479565, 39.464551",2021-10-22,Conventional,Irrigated,No,50,38,0,0,18,38,40,5,26,0,0,0,418,494,570,1172,1512,2132,935,590,810,0,0,0,215
F283,Robert Lutz,Tana River Ward 2,"-1.350536, 35.136828",2022-02-26,Conventional,Irrigated,No,15,0,12,4,12,0,0,10,5,0,0,4,564,600,348,144,132,96,300,370,340,192,100,160,62
F284,Brooke Martinez,Tana River Ward 6,"0.327735, 37.134595",2024-05-05,Conventional,Irrigated,No,53,65,9,0,42,0,19,33,0,0,0,0,1019,1108,604,546,546,546,396,396,429,0,0,0,221
F285,Tiffany Miller,Tana River Ward 11,"0.59186, 41.070604",2021-01-01,Conventional,Rain-fed,No,22,35,2,15,0,0,23,9,8,1,2,6,346,346,340,0,0,0,433,255,245,292,194,228,123
F286,David Roberts,Tana River Ward 11,"-4.497047, 36.093773",2025-11-07,Organic,Rain-fed,No,82,0,13,29,14,17,0,42,48,0,0,0,299,351,338,1046,749,750,2712,2022,2352,0,0,0,245
F287,Cathy Kim,Tana River Ward 5,"-2.579277, 41.748542",2022-05-16,Organic,Irrigated,No,34,0,74,27,21,0,40,0,28,0,3,16,2072,3700,3256,294,252,189,644,924,1344,666,763,458,243
F288,Caleb Wood DVM,Tana River Ward 10,"4.04041, 37.755828",2023-12-29,Conventional,Rain-fed,No,11,19,7,2,6,1,10,0,0,0,0,0,359,484,475,104,94,97,0,0,0,0,0,0,56
F289,Kim Davis,Tana River Ward 3,"-3.73048, 35.526062",2023-01-03,Organic,Irrigated,No,17,16,15,3,7,25,11,27,0,0,0,12,759,672,683,1123,1223,745,297,243,351,540,336,312,133
F290,Sylvia Rodriguez,Tana River Ward 9,"2.766022, 39.507512",2024-12-18,Conventional,Irrigated,Yes,54,47,57,0,1,0,0,0,0,0,0,0,2361,2247,1875,14,10,12,0,0,0,0,0,0,159
F291,Daniel Mason,Tana River Ward 1,"2.029756, 35.757005",2023-11-27,Conventional,Irrigated,No,28,23,42,0,14,0,18,14,24,0,0,0,1967,1547,1925,98,140,112,1358,1000,862,0,0,0,163
F292,Jessica Cox,Tana River Ward 11,"-0.880258, 34.831586",2020-08-03,Conventional,Rain-fed,Yes,12,0,37,15,28,0,7,1,0,0,0,11,1665,1776,1221,140,196,420,12,15,7,440,242,517,111
F293,Andrea Valdez,Tana River Ward 11,"3.094927, 39.131683",2022-02-26,Conventional,Irrigated,Yes,69,5,26,35,24,50,0,0,14,0,0,17,1147,1039,1002,1612,1814,2392,602,574,392,476,578,544,240
F294,Leah Salazar,Tana River Ward 10,"-2.779989, 38.908275",2022-09-23,Conventional,Rain-fed,Yes,12,25,5,41,47,10,66,3,23,0,0,0,460,420,380,695,773,816,487,942,536,0,0,0,232
F295,Douglas Mckenzie,Tana River Ward 3,"-0.558515, 39.302718",2022-07-10,Organic,Irrigated,No,14,1,4,10,18,55,0,29,19,15,18,0,95,139,122,2287,1591,1535,1174,1023,1185,252,270,126,183
F296,Robin Saunders,Tana River Ward 1,"-1.618603, 41.216038",2022-08-23,Conventional,Irrigated,Yes,18,7,0,0,10,1,13,8,3,0,0,0,98,56,91,170,73,146,212,261,127,0,0,0,60
F297,Jordan Garcia,Tana River Ward 2,"-1.080759, 36.678506",2022-08-11,Organic,Irrigated,Yes,83,0,2,0,23,28,30,47,0,0,0,0,40,42,60,1638,1330,1513,282,329,517,0,0,0,213
F298,Christina Palmer,Tana River Ward 3,"-2.862568, 34.220409",2025-06-02,Conventional,Irrigated,Yes,0,102,53,0,0,12,0,27,37,0,0,0,2447,2545,2145,252,384,372,939,1848,1784,0,0,0,231
F299,Patrick Hurst,Tana River Ward 2,"2.288425, 37.672866",2021-05-17,Organic,Rain-fed,No,0,42,0,21,0,0,26,32,17,0,0,0,420,462,210,0,0,0,824,566,1164,0,0,0,138
F300,Cheryl Williams,Tana River Ward 3,"-1.366371, 34.364496",2020-03-28,Conventional,Irrigated,Yes,16,0,3,12,14,0,7,0,0,5,9,2,75,72,123,196,182,98,0,0,0,158,145,159,68
F301,Justin Hess,Tana River Ward 12,"-1.468119, 38.932753",2021-01-29,Organic,Irrigated,No,29,16,60,2,0,28,5,0,0,21,8,2,1664,3044,2336,980,728,728,0,0,0,158,114,92,171
F302,Preston Hernandez,Tana River Ward 4,"-0.351274, 37.888497",2024-06-06,Organic,Irrigated,Yes,18,0,5,0,14,19,12,3,11,5,11,0,235,235,170,913,634,673,257,275,510,66,55,88,98
F303,Stephen Abbott,Tana River Ward 1,"2.970485, 40.754421",2024-01-05,Organic,Irrigated,Yes,27,38,33,16,26,15,10,11,7,0,0,0,1294,1073,1474,855,946,868,426,385,389,0,0,0,183
F304,Annette Shaffer,Tana River Ward 4,"-1.22607, 39.44879",2020-05-30,Organic,Rain-fed,No,7,34,10,24,3,12,62,53,30,0,0,0,672,574,720,366,321,636,1760,1753,1732,0,0,0,235
F305,Jeffrey Li,Tana River Ward 4,"3.069004, 36.842376",2022-05-10,Conventional,Irrigated,No,0,25,21,0,26,0,0,12,0,15,4,0,1175,1299,926,130,312,286,120,120,144,24,40,40,103
F306,Amy Sawyer,Tana River Ward 12,"0.732423, 35.997899",2022-05-08,Conventional,Irrigated,Yes,53,19,48,5,30,0,0,17,3,17,3,0,2178,2484,1255,180,300,240,252,166,390,24,15,24,195
F307,Christopher Knox,Tana River Ward 2,"-3.283826, 38.244345",2021-09-04,Conventional,Rain-fed,No,36,69,61,0,8,27,4,0,21,0,0,0,2918,3390,2390,1341,1095,895,672,924,903,0,0,0,226
F308,Angela Thomas,Tana River Ward 6,"-0.96507, 41.042729",2025-05-08,Organic,Irrigated,No,6,63,69,21,5,38,0,22,0,0,0,0,3654,3069,2655,939,1517,1167,110,176,242,0,0,0,224
F309,Jessica Brown,Tana River Ward 9,"-0.356347, 34.158024",2024-06-04,Conventional,Irrigated,Yes,105,13,15,0,0,50,33,0,34,0,0,0,739,601,713,2100,1150,1250,1088,986,1598,0,0,0,250
F310,Brenda Valdez,Tana River Ward 2,"-4.298838, 37.199609",2023-09-09,Conventional,Rain-fed,No,16,13,20,10,20,20,0,0,12,21,24,5,583,923,1044,720,1120,1080,336,456,348,319,290,398,161
F311,Stephanie Stevens,Tana River Ward 5,"-4.140883, 40.16785",2021-06-14,Organic,Rain-fed,No,13,52,16,23,10,4,11,35,0,0,1,0,1056,988,1160,290,216,222,385,280,175,6,5,13,165
F312,David Casey,Tana River Ward 7,"-0.122132, 34.492468",2020-05-28,Conventional,Rain-fed,No,22,63,5,42,16,17,33,10,0,10,0,0,893,1102,1120,690,723,975,70,50,70,0,0,0,218
F313,Angela Freeman,Tana River Ward 9,"0.847074, 36.344237",2021-11-17,Organic,Irrigated,No,45,0,39,19,16,0,0,21,0,0,0,0,1365,1755,1482,112,192,128,210,105,189,0,0,0,140
F314,Jaclyn Campbell,Tana River Ward 11,"1.528117, 40.298201",2023-07-24,Conventional,Rain-fed,Yes,17,9,7,4,0,5,1,10,7,0,0,0,394,292,442,210,160,245,294,450,345,0,0,0,60
F315,Kevin Tran,Tana River Ward 4,"4.315062, 39.766078",2024-12-11,Organic,Irrigated,Yes,0,20,0,9,0,34,37,26,19,9,0,0,260,180,200,1020,1258,1360,880,1105,1131,0,0,0,154
F316,Marie Rollins,Tana River Ward 11,"4.407278, 37.674284",2024-01-14,Organic,Rain-fed,Yes,8,22,31,3,6,3,0,15,0,0,0,0,1092,1296,1495,135,153,186,120,150,135,0,0,0,88
F317,Mark Walker,Tana River Ward 6,"-1.31682, 35.009107",2025-05-19,Conventional,Irrigated,No,0,5,29,29,12,26,0,11,10,8,11,0,997,1210,1011,986,820,1084,286,477,446,99,165,77,141
F318,Joshua Lawson,Tana River Ward 10,"-2.111006, 36.864253",2021-02-16,Organic,Rain-fed,Yes,45,31,97,48,22,0,0,0,3,0,0,0,2642,5001,4776,132,198,198,90,87,126,0,0,0,246
F319,Vincent Norris,Tana River Ward 3,"2.622431, 39.454377",2020-09-23,Organic,Rain-fed,Yes,32,41,0,0,18,0,13,27,0,3,0,5,533,492,246,270,144,234,270,324,324,105,140,125,139
F320,Frederick Fowler,Tana River Ward 12,"2.971715, 38.187905",2020-06-02,Conventional,Irrigated,No,16,0,23,19,7,7,3,13,0,13,0,4,713,943,874,308,266,308,169,195,156,136,148,152,105
F321,Robert Boyd,Tana River Ward 4,"2.612622, 35.244207",2023-01-05,Organic,Rain-fed,Yes,35,0,26,9,0,2,12,16,0,0,0,0,1014,936,1170,98,74,80,112,80,192,0,0,0,100
F322,Sarah James,Tana River Ward 8,"-1.251242, 35.338695",2025-08-23,Conventional,Rain-fed,No,68,4,24,8,58,10,4,17,47,0,0,0,1036,624,604,780,718,910,1610,1952,1524,0,0,0,240
F323,Spencer Schultz,Tana River Ward 4,"-1.186355, 38.573908",2021-10-25,Organic,Rain-fed,Yes,7,25,6,11,12,0,6,0,0,3,8,0,524,446,563,168,60,60,0,0,0,40,40,112,78
F324,Alexis Mckay,Tana River Ward 10,"-3.442428, 41.317438",2023-10-11,Conventional,Irrigated,No,0,59,0,10,7,0,6,56,32,0,18,35,413,413,649,35,84,56,1720,1720,1240,916,1526,1773,223
F325,Rachel Williams,Tana River Ward 2,"-2.849202, 41.532999",2024-03-04,Conventional,Rain-fed,Yes,0,0,40,33,30,6,9,22,23,5,8,12,1360,1720,1680,582,444,462,1204,770,593,672,544,620,188
F326,Anthony Hanson,Tana River Ward 2,"-3.398572, 41.515282",2025-08-31,Organic,Irrigated,No,0,16,9,13,0,13,4,17,0,0,1,0,485,395,585,338,598,585,255,255,221,8,15,6,73
F327,Daniel Francis,Tana River Ward 2,"4.038977, 36.639829",2025-04-11,Conventional,Irrigated,No,0,59,21,31,0,3,1,0,40,0,18,3,1031,1358,1165,126,126,78,1680,1920,1960,261,279,243,176
F328,Lori Diaz,Tana River Ward 5,"1.390806, 34.203372",2021-03-19,Organic,Irrigated,No,42,0,50,22,0,17,7,5,0,0,0,0,1650,2350,1550,527,833,833,40,30,65,0,0,0,143
F329,Michael Olson,Tana River Ward 5,"1.66933, 38.322523",2025-04-17,Conventional,Irrigated,No,0,43,43,0,15,0,10,34,0,0,0,0,2236,2666,2279,165,150,150,408,476,238,0,0,0,145
F330,Lucas Reyes,Tana River Ward 6,"2.775895, 34.291394",2023-07-19,Conventional,Irrigated,No,0,32,2,13,0,19,0,0,15,0,0,0,372,490,426,399,798,931,690,330,600,0,0,0,81
F331,Dr. Joshua Gilbert,Tana River Ward 2,"4.242354, 39.899766",2023-06-04,Conventional,Irrigated,No,26,31,34,12,3,0,0,17,0,0,0,0,1089,1553,1420,45,24,27,102,238,221,0,0,0,123
F332,Veronica Ramsey,Tana River Ward 10,"1.310998, 35.740121",2025-11-07,Conventional,Rain-fed,Yes,36,0,32,25,7,44,42,0,0,0,0,0,928,1376,768,2129,1235,1323,0,0,0,0,0,0,186
F333,Todd Arnold,Tana River Ward 5,"-0.207964, 40.704354",2021-08-31,Organic,Rain-fed,No,64,7,56,0,0,0,0,42,42,0,0,0,1463,2590,2100,0,0,0,2394,1554,2058,0,0,0,211
F334,Madeline Collins,Tana River Ward 7,"-2.101852, 34.277886",2025-12-29,Organic,Rain-fed,Yes,61,1,73,17,2,3,21,0,27,19,26,0,1907,1764,2051,145,156,92,1161,1134,540,338,156,312,250
F335,Crystal Clark,Tana River Ward 6,"-3.149752, 35.235344",2020-10-19,Organic,Irrigated,No,9,5,45,2,0,26,0,6,5,1,2,7,1620,1320,1800,1300,1118,1222,240,212,157,295,322,366,108
F336,Donald Owens,Tana River Ward 4,"-0.129855, 36.649942",2022-07-26,Conventional,Rain-fed,No,50,82,0,0,0,1,16,47,0,0,1,16,738,984,820,45,33,33,329,470,611,423,590,812,213
F337,Mark Smith,Tana River Ward 10,"-2.877252, 39.041734",2024-02-19,Conventional,Irrigated,No,0,64,46,22,39,20,0,0,42,1,0,0,3058,2460,2184,834,1091,1054,1848,1806,1764,0,0,0,234
F338,Joshua Kelley,Tana River Ward 9,"1.825563, 35.348631",2024-01-08,Conventional,Rain-fed,Yes,0,75,49,20,0,1,0,25,17,17,0,0,1992,2811,3232,43,39,44,787,872,753,0,0,0,204
F339,Randy Silva,Tana River Ward 12,"0.772004, 36.248832",2023-06-09,Organic,Rain-fed,Yes,0,23,7,0,12,0,16,13,14,2,0,11,452,380,486,144,96,120,729,660,842,539,484,451,98
F340,James Hill,Tana River Ward 9,"3.557193, 37.31094",2022-01-01,Conventional,Irrigated,Yes,12,0,1,14,36,27,22,11,16,1,10,0,33,39,29,972,1449,1116,815,517,633,80,60,120,150
F341,Steven Warner,Tana River Ward 9,"-0.274825, 39.254448",2024-04-09,Conventional,Irrigated,Yes,13,52,67,0,0,0,14,0,26,24,0,32,2173,3446,2381,0,0,0,1144,936,1040,1440,1568,896,228
F342,Joshua Figueroa,Tana River Ward 9,"-2.162387, 34.132039",2023-02-23,Organic,Irrigated,No,35,2,0,17,0,0,28,7,24,0,0,0,18,12,20,0,0,0,873,701,1089,0,0,0,113
F343,Matthew Bender,Tana River Ward 11,"1.18923, 34.886442",2021-08-19,Organic,Irrigated,No,53,76,0,7,0,30,24,9,0,0,0,0,684,760,912,1440,1110,690,81,72,117,0,0,0,199
F344,Janet Goodman,Tana River Ward 5,"2.364003, 35.572368",2023-12-16,Conventional,Rain-fed,Yes,20,23,55,6,35,0,4,0,20,0,0,0,2581,2930,1582,525,490,490,580,960,740,0,0,0,163
F345,Dr. Heather Jones,Tana River Ward 2,"-1.784266, 34.553015",2024-07-24,Conventional,Irrigated,No,42,48,20,0,8,15,29,0,0,0,30,0,1344,1392,1036,738,768,799,0,0,0,150,270,210,192
F346,Rachel Kane,Tana River Ward 10,"2.227547, 39.185617",2021-10-25,Organic,Irrigated,No,4,27,3,15,11,0,2,10,0,3,0,7,504,396,222,55,165,121,130,110,50,196,175,315,82
F347,Jamie Orozco DVM,Tana River Ward 12,"-3.79133, 41.048991",2021-03-26,Organic,Rain-fed,No,25,6,2,1,8,31,0,11,29,6,0,11,152,130,126,1343,1467,978,1303,1070,1277,418,528,528,130
F348,Troy Duncan,Tana River Ward 1,"-2.645944, 36.733845",2025-12-22,Conventional,Rain-fed,No,6,6,11,3,15,3,0,10,14,0,0,0,447,628,596,300,297,255,532,354,694,0,0,0,68
F349,Samuel Mooney,Tana River Ward 3,"3.401079, 38.631491",2020-07-17,Organic,Irrigated,Yes,5,28,52,9,8,0,26,0,0,3,16,0,2396,2728,1340,40,104,64,0,0,0,240,208,208,147
F350,Brandi Barber,Tana River Ward 2,"-3.089854, 36.505164",2021-07-16,Conventional,Rain-fed,Yes,38,43,7,21,0,0,36,33,10,28,17,0,418,496,737,0,0,0,441,822,629,136,119,221,233
